id,Title,_attached_image
18631,Wifi gizli düğme kamera kulalik set,
18632,Wifili sim kartli düğme kamera ve mini kulalik,
18641,Sony E 3.5-5.6/PZ 16-50 OSS lens,
18648,PDX 576a Led Video ışığı,
18663,TCL 55 inç Akıllı TV 55Q6C 4K QD-Mini LED,
18673,"Cam balkon ,giyotin ve sürme cam montaj elemanı",
18674,GETİR DEPOSUNA ÇALIŞACAK Bayi Motorlu 82.5-62.5₺'eKadar+BONUSLAR,
18675,Terra Pizza Metropol AVM,
18676,2 SAATTE 1000 TL KAZANMA FIRSATI AÇIKLAMAYI OKUYUNUZ,
18677,güzellik merkezinde halkla İlişkiler (satış personeli),
18678,KOMAGENE OVACIK,
18679,PART-TİME BAYAN GARSON ARANIYOR,
18680,PART-TİME BAYAN GARSON ARANIYOR,
18681,PART-TİME BAYAN GARSON ARANIYOR,
18682,PART-TİME BAYAN GARSON ARANIYOR,
18683,E-Ticaret Elemanı - Kategori Sorumlusu,
18684,DENEYİMLİ DENEYİMSİZ BAYAN ELEMAN ALINACAKTIR,
18685,Kasada ve mutfak bölümünde çalışacak ekip arkadaşlar,
18686,GARSON ARANIYOR,
18687,Bayan ofis elemanı lütfen açıklamayı okuyunuz,
18688,Esenyurt piri reis kurye,
18689,Vadistanbul AVM - Haftada Bir Bulaşık Elemanı Part ₺6.500,
18690,Home Office Dijital Asistan (Sadece kadın adaylar),
18691,sigortalı veya esnaf getir depo,
18692,Plates Eğitmeni,
18693,Kaynakcı eleman,
18694,Moto kurye,
18695,TECRÜBELİ SATIŞ TEMSİLCİSİ ARANIYOR (TEKSTİL / FUAR,
18696,Halıfleks Atöİye İmalat Personeli Beşyüzevler Civarı Oturan,
18697,Yüksek pirimli bayan saha satiş arkadaşi,
18698,Dünya mutfağı konusunda en az 10 yıl tecrübeli usta aramaktayız,
18699,cnc kayar otomat,
18700,Dağıtım yapacak şoför aranıyor,
18701,Servis Elamanı,
18702,Evden Eve Nakliyat Firmamıza Çalışcak Personel Aranıyo,
18703,EVDEN EVE PROFESYONEL PERSONEL,
18704,23 İLA 35 YAŞ ARASI TECRÜBELİ BAY&BAYAN GARSONLAR ARANIYOR...!,
18705,Part time b1 seviyesinde ingilizce bilen servis elemanı,
18706,P1 BİZDEN Getir Çekmeköy Hamidiye Moto kurye aranıyor,
18707,DENEYİMLİ BAYAN KARGO TAKİP PERSONELİ,
18708,ERKEK SERVIS ELEMAN ALINACAKTIR,
18709,GETİR BÜYÜK ACIBADEM MOTO KURYE,
18711,ÜRETİMDE ÇALIŞACAK PERSONEL ARANIYOR 35.000 TL + SGK + YOL+YEMEK,
18712,Eski Lara caddesinde açılan abiye atölyesine modelist aranıyor.,
18713,Burger Dükkanımıza Garson arıyoruz. Açıklamayı okuyun.,
18714,Garson aranıyor,
18715,ERKEK ÇALIŞMA ARKADAŞI ARIYORUZ,
18716,Tezgahtar Almanca ingilizce Rusça,
18717,curcuna müzikhol bayan garson aranıyor,
18718,Antalya Merkezdeki Eğlence yerimiz İçin Bayan Personel Alımı,
18719,CAM SİLME USTASI ARANIYOR,
18720,masöz bayan,
18721,GÖKNUR TEKSTİL KOLTUK DÖŞEME USTASI ARANİYOR,
18722,Evden Çalışma | Online İletişim Destek Görevlisi(Part-Time)kadın,
18723,Özkent pide salonu pınarlı anfaş karşısı,
18724,Muayenehanemize Bayan Sekreter,
18725,PİZZABULLS,
18726,Antalya Faaliyet Gösteren Eğlence Yerimiz İçin BAYAN Personel,
18727,Yetiştiremek üzere Kadın Animatör,
18728,Home Office Çağrı Merkezi Müşteri Temsilcisi,
18729,ÖZEL HASTANE KAFETERYASI İÇİN KADIN GARSON ARANIYOR,
18730,VERGİ AÇTIRMAK YOK / ÖDEMELER HAFTALIK KURYE OLABİLİRSİNİZ,
18731,Barista tecrübeli,
18732,Bayan servis elemanı,
18733,Marka mobilya,
18734,12 AY AÇIK İŞLETMEMİZE TEMİZLİK GÖREVLİSİ ARIYORUZ,
18735,Sarı Express olarak Kurye Aranmaktayız,
18736,Çanta ayakkabı,
18737,Kaynakçı gaz altı,
18738,Home Office Dijital bayan asistan,
18739,Pazarlamacı Bayan Çalışma arkadaşları,
18740,kafemize 22 yaşını geçmeyecek personel alınacaktır. LOJMAN YOK.,
18741,restoran kasiyer ariyoruz,
18742,Personel Aranıyor Burger Restoranı Servis Elemanı (Kadın),
18743,Personel Aranıyor Tam Zamanlı Servis Elemanı (m/f/d),
18744,bayan veteriner tekniker arıyorum,
18745,Güzellik Uzmanı,
18746,Yeni açtığımız iş yerimizde takım arkadaşları arıyoruz,
18747,Yabancı Vatandaşlar Alanında Danışman Arıyoruz.,
18748,SATIŞ ELEMANI,
18749,Damacana su dağıtım personeli,
18750,BARİSTA ARANIYOR,
18751,GARSON ARANIYOR,
